{"validation_accuracy": 0.7859800911712718, "anic": 5508.242850497728}