{"validation_accuracy": 0.781561075448879, "anic": 5487.451409433444}