{"validation_accuracy": 0.8288212857009954, "anic": 5497.7443378453845, "public_anic": 5590.27}