{"validation_accuracy": 0.8547306726207089, "anic": 5336.950416317797}