{"validation_accuracy": 0.8310540515396782, "anic": 5571.454879523678, "public_anic": 5659.66603977}