{"validation_accuracy": 0.8434272955623779, "anic": 5471.22898874314}