{"validation_accuracy": 0.785328867801656, "anic": 5499.978565447951}