{"validation_accuracy": 0.8266815517722579, "anic": 5535.963358219373}