{"validation_accuracy": 0.8215182807703042, "anic": 5595.84675783794, "public_anic": 5687.36853954}